<?xml version="1.0"?>
<!--<!DOCTYPE metadata SYSTEM "http://www.esri.com/metadata/esriprof80.dtd">-->
<metadata xml:lang="en"><Esri><CreaDate>20120904</CreaDate><CreaTime>16021900</CreaTime><SyncOnce>FALSE</SyncOnce><SyncDate>20100407</SyncDate><SyncTime>16525500</SyncTime><ModDate>20100407</ModDate><ModTime>16525500</ModTime><DataProperties><lineage><Process Name="Merge_2" ToolSource="C:\Program Files\ArcGIS\ArcToolbox\Toolboxes\Data Management Tools.tbx\Merge" Date="20080425" Time="104938">Merge jonesfalls;herringrun;gwynnsfalls C:\GIS\Shape\bike\TrailsMerge.shp "ID ID true false false 8 Long 0 8 ,First,#,jonesfalls,ID,-1,-1,gwynnsfalls,ID,-1,-1;LENGTH LENGTH true false false 19 Double 3 18 ,First,#,jonesfalls,LENGTH,-1,-1,herringrun,LENGTH,-1,-1,gwynnsfalls,LENGTH,-1,-1;PHASE PHASE true false false 32 Text 0 0 ,First,#,jonesfalls,PHASE,-1,-1,herringrun,Phase,-1,-1,gwynnsfalls,PHASE,-1,-1;PHASE_2 PHASE_2 true false false 10 Double 0 10 ,First,#,jonesfalls,PHASE_2,-1,-1;Trail Trail true false false 50 Text 0 0 ,First,#,jonesfalls,Trail,-1,-1,herringrun,Trail,-1,-1,gwynnsfalls,Trail,-1,-1;MILES MILES true false false 14 Double 4 13 ,First,#,jonesfalls,MILES,-1,-1,herringrun,MILES,-1,-1,gwynnsfalls,MILES,-1,-1;TRAILS_ID TRAILS_ID true false false 11 Double 0 11 ,First,#,herringrun,TRAILS_ID,-1,-1;PHASECD PHASECD true false false 8 Long 0 8 ,First,#,herringrun,PHASECD,-1,-1,gwynnsfalls,PHASECD,-1,-1"</Process><Process Name="Merge_1" ToolSource="C:\Program Files\ArcGIS\ArcToolbox\Toolboxes\Data Management Tools.tbx\Merge" Date="20080425" Time="133732">Merge TrailsMerge;bicycle_network_trails_proposed_01_12_06 C:\GIS\Shape\bike\TrailsMerge2.shp "ID ID true false false 8 Long 0 8 ,First,#,TrailsMerge,ID,-1,-1,bicycle_network_trails_proposed_01_12_06,ID,-1,-1;LENGTH LENGTH true false false 19 Double 3 18 ,First,#,TrailsMerge,LENGTH,-1,-1;PHASE PHASE true false false 32 Text 0 0 ,First,#,TrailsMerge,PHASE,-1,-1;Trail Trail true false false 50 Text 0 0 ,First,#,TrailsMerge,Trail,-1,-1;MILES MILES true false false 14 Double 4 13 ,First,#,TrailsMerge,MILES,-1,-1;PHASECD PHASECD true false false 8 Long 0 8 ,First,#,TrailsMerge,PHASECD,-1,-1;FAC_NAME FAC_NAME true false false 24 Text 0 0 ,First,#,bicycle_network_trails_proposed_01_12_06,FAC_NAME,-1,-1;FAC_TYPE FAC_TYPE true false false 24 Text 0 0 ,First,#,bicycle_network_trails_proposed_01_12_06,FAC_TYPE,-1,-1"</Process><Process ToolSource="C:\Program Files\ArcGIS\ArcToolbox\Toolboxes\Conversion Tools.tbx\FeatureClassToFeatureClass" Date="20090921" Time="114642">FeatureClassToFeatureClass M:\Data_repository\Parks_and_Recreation\trail_multiuse_091409.shp N:\geomaster\Master_Geodatabases\EGIS_Master_GDB.gdb\Transportation trail_multiuse # "OBJECTID 'OBJECTID' true true false 9 Long 0 9 ,First,#,M:\Data_repository\Parks_and_Recreation\trail_multiuse_091409.shp,OBJECTID,-1,-1;PHASE 'PHASE' true true false 32 Text 0 0 ,First,#,M:\Data_repository\Parks_and_Recreation\trail_multiuse_091409.shp,PHASE,-1,-1;Trail 'Trail' true true false 50 Text 0 0 ,First,#,M:\Data_repository\Parks_and_Recreation\trail_multiuse_091409.shp,Trail,-1,-1;FAC_TYPE 'FAC_TYPE' true true false 24 Text 0 0 ,First,#,M:\Data_repository\Parks_and_Recreation\trail_multiuse_091409.shp,FAC_TYPE,-1,-1;Surf_Type 'Surf_Type' true true false 50 Text 0 0 ,First,#,M:\Data_repository\Parks_and_Recreation\trail_multiuse_091409.shp,Surf_Type,-1,-1;On_Road 'On_Road' true true false 35 Text 0 0 ,First,#,M:\Data_repository\Parks_and_Recreation\trail_multiuse_091409.shp,On_Road,-1,-1;Notes 'Notes' true true false 25 Text 0 0 ,First,#,M:\Data_repository\Parks_and_Recreation\trail_multiuse_091409.shp,Notes,-1,-1;Shape_Leng 'Shape_Leng' true true false 19 Double 0 0 ,First,#,M:\Data_repository\Parks_and_Recreation\trail_multiuse_091409.shp,Shape_Leng,-1,-1" # N:\geomaster\Master_Geodatabases\EGIS_Master_GDB.gdb\Transportation\trail_multiuse</Process><Process ToolSource="C:\Program Files\ArcGIS\ArcToolbox\Toolboxes\Conversion Tools.tbx\FeatureClassToFeatureClass" Date="20090921" Time="115034">FeatureClassToFeatureClass N:\geomaster\Master_Geodatabases\EGIS_Master_GDB.gdb\Transportation\trail_multiuse M:\geodata\shape\Transportation trail_multiuse.shp # "OBJECTID 'OBJECTID' true true false 4 Long 0 0 ,First,#,N:\geomaster\Master_Geodatabases\EGIS_Master_GDB.gdb\Transportation\trail_multiuse,OBJECTID,-1,-1;PHASE 'PHASE' true true false 32 Text 0 0 ,First,#,N:\geomaster\Master_Geodatabases\EGIS_Master_GDB.gdb\Transportation\trail_multiuse,PHASE,-1,-1;Trail 'Trail' true true false 50 Text 0 0 ,First,#,N:\geomaster\Master_Geodatabases\EGIS_Master_GDB.gdb\Transportation\trail_multiuse,Trail,-1,-1;FAC_TYPE 'FAC_TYPE' true true false 24 Text 0 0 ,First,#,N:\geomaster\Master_Geodatabases\EGIS_Master_GDB.gdb\Transportation\trail_multiuse,FAC_TYPE,-1,-1;Surf_Type 'Surf_Type' true true false 50 Text 0 0 ,First,#,N:\geomaster\Master_Geodatabases\EGIS_Master_GDB.gdb\Transportation\trail_multiuse,Surf_Type,-1,-1;On_Road 'On_Road' true true false 35 Text 0 0 ,First,#,N:\geomaster\Master_Geodatabases\EGIS_Master_GDB.gdb\Transportation\trail_multiuse,On_Road,-1,-1;Notes 'Notes' true true false 25 Text 0 0 ,First,#,N:\geomaster\Master_Geodatabases\EGIS_Master_GDB.gdb\Transportation\trail_multiuse,Notes,-1,-1;Shape_Leng 'Shape_Leng' true true false 8 Double 0 0 ,First,#,N:\geomaster\Master_Geodatabases\EGIS_Master_GDB.gdb\Transportation\trail_multiuse,Shape_Leng,-1,-1;Shape_Le_1 'Shape_Length' false true true 8 Double 0 0 ,First,#,N:\geomaster\Master_Geodatabases\EGIS_Master_GDB.gdb\Transportation\trail_multiuse,Shape_Length,-1,-1" # M:\geodata\shape\Transportation\trail_multiuse.shp</Process><Process ToolSource="C:\Program Files\ArcGIS\ArcToolbox\Toolboxes\Data Management Tools.tbx\CopyFeatures" Date="20091020" Time="162609">CopyFeatures M:\geodata\shape\Transportation\trail_multiuse.shp N:\geomaster\Master_Geodatabases\EGIS_Master_GDB.gdb\Transportation\trail_multiuse # 0 0 0</Process><Process ToolSource="C:\Program Files\ArcGIS\ArcToolbox\Toolboxes\Data Management Tools.tbx\CopyFeatures" Date="20100407" Time="165256">CopyFeatures N:\geomaster\Master_Geodatabases\EGIS_Master_GDB.gdb\Transportation\trail_multiuse "Database Connections\geodata.sde\geodata.DBO.Transportation\geodata.DBO.trail_multiuse" # 0 0 0</Process><Process Name="Delete Features" ToolSource="C:\Program Files\ArcGIS\Desktop10.0\ArcToolbox\Toolboxes\Data Management Tools.tbx\DeleteFeatures" Date="20110609" Time="145312">DeleteFeatures "Database Connections\DC@egisdata@geodata@BALT-GISWB1-SRV.sde\geodata.EGISDATA.Transportation\geodata.EGISDATA.trail_multiuse"</Process><Process Name="Append" ToolSource="C:\Program Files\ArcGIS\Desktop10.0\ArcToolbox\Toolboxes\Data Management Tools.tbx\Append" Date="20110609" Time="145318">Append 'Database Connections\DC@egisdata@geodata_work@BALT-GISWB1-SRV.sde\geodata_work.EGISDATA.Transportation\geodata_work.EGISDATA.trail_multiuse' "Database Connections\DC@egisdata@geodata@BALT-GISWB1-SRV.sde\geodata.EGISDATA.Transportation\geodata.EGISDATA.trail_multiuse" TEST # #</Process><Process Name="Delete Features" ToolSource="C:\Program Files\ArcGIS\Desktop10.0\ArcToolbox\Toolboxes\Data Management Tools.tbx\DeleteFeatures" Date="20110609" Time="170107">DeleteFeatures "Database Connections\DC@egisdata@geodata@BALT-GISWB1-SRV.sde\geodata.EGISDATA.Transportation\geodata.EGISDATA.trail_multiuse"</Process><Process Name="Append" ToolSource="C:\Program Files\ArcGIS\Desktop10.0\ArcToolbox\Toolboxes\Data Management Tools.tbx\Append" Date="20110609" Time="170114">Append 'Database Connections\DC@egisdata@geodata_work@BALT-GISWB1-SRV.sde\geodata_work.EGISDATA.Transportation\geodata_work.EGISDATA.trail_multiuse' "Database Connections\DC@egisdata@geodata@BALT-GISWB1-SRV.sde\geodata.EGISDATA.Transportation\geodata.EGISDATA.trail_multiuse" TEST # #</Process><Process Name="Delete Features" ToolSource="C:\Program Files\ArcGIS\Desktop10.0\ArcToolbox\Toolboxes\Data Management Tools.tbx\DeleteFeatures" Date="20110623" Time="183832">DeleteFeatures "Database Connections\DC@egisdata@geodata@BALT-GISWB1-SRV.sde\geodata.EGISDATA.Transportation\geodata.EGISDATA.trail_multiuse"</Process><Process Name="Append" ToolSource="C:\Program Files\ArcGIS\Desktop10.0\ArcToolbox\Toolboxes\Data Management Tools.tbx\Append" Date="20110623" Time="183842">Append 'Database Connections\DC@egisdata@geodata_work@BALT-GISWB1-SRV.sde\geodata_work.EGISDATA.Transportation\geodata_work.EGISDATA.trail_multiuse' "Database Connections\DC@egisdata@geodata@BALT-GISWB1-SRV.sde\geodata.EGISDATA.Transportation\geodata.EGISDATA.trail_multiuse" TEST # #</Process><Process Name="Delete Features" ToolSource="C:\Program Files (x86)\ArcGIS\Desktop10.0\ArcToolbox\Toolboxes\Data Management Tools.tbx\DeleteFeatures" Date="20110708" Time="130737">DeleteFeatures "Database Connections\DC@egisdata@geodata@BALT-GISWB1-SRV.sde\geodata.EGISDATA.Transportation\geodata.EGISDATA.trail_multiuse"</Process><Process Name="Append" ToolSource="C:\Program Files (x86)\ArcGIS\Desktop10.0\ArcToolbox\Toolboxes\Data Management Tools.tbx\Append" Date="20110708" Time="130747">Append 'Database Connections\DC@egisdata@geodata_work@BALT-GISWB1-SRV.sde\geodata_work.EGISDATA.Transportation\geodata_work.EGISDATA.trail_multiuse' "Database Connections\DC@egisdata@geodata@BALT-GISWB1-SRV.sde\geodata.EGISDATA.Transportation\geodata.EGISDATA.trail_multiuse" NO_TEST "PHASE "PHASE" true true false 32 Text 0 0 ,First,#,Database Connections\DC@egisdata@geodata_work@BALT-GISWB1-SRV.sde\geodata_work.EGISDATA.Transportation\geodata_work.EGISDATA.trail_multiuse,PHASE,-1,-1;Trail "Trail" true true false 50 Text 0 0 ,First,#,Database Connections\DC@egisdata@geodata_work@BALT-GISWB1-SRV.sde\geodata_work.EGISDATA.Transportation\geodata_work.EGISDATA.trail_multiuse,Trail,-1,-1;FAC_TYPE "FAC_TYPE" true true false 24 Text 0 0 ,First,#,Database Connections\DC@egisdata@geodata_work@BALT-GISWB1-SRV.sde\geodata_work.EGISDATA.Transportation\geodata_work.EGISDATA.trail_multiuse,FAC_TYPE,-1,-1;Surf_Type "Surf_Type" true true false 50 Text 0 0 ,First,#,Database Connections\DC@egisdata@geodata_work@BALT-GISWB1-SRV.sde\geodata_work.EGISDATA.Transportation\geodata_work.EGISDATA.trail_multiuse,Surf_Type,-1,-1;On_Road "On_Road" true true false 35 Text 0 0 ,First,#,Database Connections\DC@egisdata@geodata_work@BALT-GISWB1-SRV.sde\geodata_work.EGISDATA.Transportation\geodata_work.EGISDATA.trail_multiuse,On_Road,-1,-1;Notes "Notes" true true false 25 Text 0 0 ,First,#,Database Connections\DC@egisdata@geodata_work@BALT-GISWB1-SRV.sde\geodata_work.EGISDATA.Transportation\geodata_work.EGISDATA.trail_multiuse,Notes,-1,-1;GlobalID "GlobalID" false false true 38 GlobalID 0 0 ,First,#,Database Connections\DC@egisdata@geodata_work@BALT-GISWB1-SRV.sde\geodata_work.EGISDATA.Transportation\geodata_work.EGISDATA.trail_multiuse,GlobalID,-1,-1;URL "URL" true true false 100 Text 0 0 ,First,#,Database Connections\DC@egisdata@geodata_work@BALT-GISWB1-SRV.sde\geodata_work.EGISDATA.Transportation\geodata_work.EGISDATA.trail_multiuse,URL,-1,-1;Shape.len "Shape.len" false false true 0 Double 0 0 ,First,#,Database Connections\DC@egisdata@geodata_work@BALT-GISWB1-SRV.sde\geodata_work.EGISDATA.Transportation\geodata_work.EGISDATA.trail_multiuse,Shape.len,-1,-1" #</Process><Process Name="Delete Features" ToolSource="C:\Program Files (x86)\ArcGIS\Desktop10.0\ArcToolbox\Toolboxes\Data Management Tools.tbx\DeleteFeatures" Date="20110711" Time="183034">DeleteFeatures "Database Connections\DC@egisdata@geodata@BALT-GISWB1-SRV.sde\geodata.EGISDATA.Transportation\geodata.EGISDATA.trail_multiuse"</Process><Process Name="Append" ToolSource="C:\Program Files (x86)\ArcGIS\Desktop10.0\ArcToolbox\Toolboxes\Data Management Tools.tbx\Append" Date="20110711" Time="183043">Append 'Database Connections\DC@egisdata@geodata_work@BALT-GISWB1-SRV.sde\geodata_work.EGISDATA.Transportation\geodata_work.EGISDATA.trail_multiuse' "Database Connections\DC@egisdata@geodata@BALT-GISWB1-SRV.sde\geodata.EGISDATA.Transportation\geodata.EGISDATA.trail_multiuse" NO_TEST "PHASE "PHASE" true true false 32 Text 0 0 ,First,#,Database Connections\DC@egisdata@geodata_work@BALT-GISWB1-SRV.sde\geodata_work.EGISDATA.Transportation\geodata_work.EGISDATA.trail_multiuse,PHASE,-1,-1;Trail "Trail" true true false 50 Text 0 0 ,First,#,Database Connections\DC@egisdata@geodata_work@BALT-GISWB1-SRV.sde\geodata_work.EGISDATA.Transportation\geodata_work.EGISDATA.trail_multiuse,Trail,-1,-1;FAC_TYPE "FAC_TYPE" true true false 24 Text 0 0 ,First,#,Database Connections\DC@egisdata@geodata_work@BALT-GISWB1-SRV.sde\geodata_work.EGISDATA.Transportation\geodata_work.EGISDATA.trail_multiuse,FAC_TYPE,-1,-1;Surf_Type "Surf_Type" true true false 50 Text 0 0 ,First,#,Database Connections\DC@egisdata@geodata_work@BALT-GISWB1-SRV.sde\geodata_work.EGISDATA.Transportation\geodata_work.EGISDATA.trail_multiuse,Surf_Type,-1,-1;On_Road "On_Road" true true false 35 Text 0 0 ,First,#,Database Connections\DC@egisdata@geodata_work@BALT-GISWB1-SRV.sde\geodata_work.EGISDATA.Transportation\geodata_work.EGISDATA.trail_multiuse,On_Road,-1,-1;Notes "Notes" true true false 25 Text 0 0 ,First,#,Database Connections\DC@egisdata@geodata_work@BALT-GISWB1-SRV.sde\geodata_work.EGISDATA.Transportation\geodata_work.EGISDATA.trail_multiuse,Notes,-1,-1;GlobalID "GlobalID" false false true 38 GlobalID 0 0 ,First,#,Database Connections\DC@egisdata@geodata_work@BALT-GISWB1-SRV.sde\geodata_work.EGISDATA.Transportation\geodata_work.EGISDATA.trail_multiuse,GlobalID,-1,-1;URL "URL" true true false 100 Text 0 0 ,First,#,Database Connections\DC@egisdata@geodata_work@BALT-GISWB1-SRV.sde\geodata_work.EGISDATA.Transportation\geodata_work.EGISDATA.trail_multiuse,URL,-1,-1;Shape.len "Shape.len" false false true 0 Double 0 0 ,First,#,Database Connections\DC@egisdata@geodata_work@BALT-GISWB1-SRV.sde\geodata_work.EGISDATA.Transportation\geodata_work.EGISDATA.trail_multiuse,Shape.len,-1,-1" #</Process><Process Name="Delete Features" ToolSource="C:\Program Files (x86)\ArcGIS\Desktop10.0\ArcToolbox\Toolboxes\Data Management Tools.tbx\DeleteFeatures" Date="20110801" Time="090607">DeleteFeatures "Database Connections\DC@egisdata@geodata@BALT-GISWB1-SRV.sde\geodata.EGISDATA.Transportation\geodata.EGISDATA.trail_multiuse"</Process><Process Name="Append" ToolSource="C:\Program Files (x86)\ArcGIS\Desktop10.0\ArcToolbox\Toolboxes\Data Management Tools.tbx\Append" Date="20110801" Time="090619">Append 'Database Connections\DC@egisdata@geodata_work@BALT-GISWB1-SRV.sde\geodata_work.EGISDATA.Transportation\geodata_work.EGISDATA.trail_multiuse' "Database Connections\DC@egisdata@geodata@BALT-GISWB1-SRV.sde\geodata.EGISDATA.Transportation\geodata.EGISDATA.trail_multiuse" NO_TEST "PHASE "PHASE" true true false 32 Text 0 0 ,First,#,Database Connections\DC@egisdata@geodata_work@BALT-GISWB1-SRV.sde\geodata_work.EGISDATA.Transportation\geodata_work.EGISDATA.trail_multiuse,PHASE,-1,-1;Trail "Trail" true true false 50 Text 0 0 ,First,#,Database Connections\DC@egisdata@geodata_work@BALT-GISWB1-SRV.sde\geodata_work.EGISDATA.Transportation\geodata_work.EGISDATA.trail_multiuse,Trail,-1,-1;FAC_TYPE "FAC_TYPE" true true false 24 Text 0 0 ,First,#,Database Connections\DC@egisdata@geodata_work@BALT-GISWB1-SRV.sde\geodata_work.EGISDATA.Transportation\geodata_work.EGISDATA.trail_multiuse,FAC_TYPE,-1,-1;Surf_Type "Surf_Type" true true false 50 Text 0 0 ,First,#,Database Connections\DC@egisdata@geodata_work@BALT-GISWB1-SRV.sde\geodata_work.EGISDATA.Transportation\geodata_work.EGISDATA.trail_multiuse,Surf_Type,-1,-1;On_Road "On_Road" true true false 35 Text 0 0 ,First,#,Database Connections\DC@egisdata@geodata_work@BALT-GISWB1-SRV.sde\geodata_work.EGISDATA.Transportation\geodata_work.EGISDATA.trail_multiuse,On_Road,-1,-1;Notes "Notes" true true false 25 Text 0 0 ,First,#,Database Connections\DC@egisdata@geodata_work@BALT-GISWB1-SRV.sde\geodata_work.EGISDATA.Transportation\geodata_work.EGISDATA.trail_multiuse,Notes,-1,-1;GlobalID "GlobalID" false false true 38 GlobalID 0 0 ,First,#,Database Connections\DC@egisdata@geodata_work@BALT-GISWB1-SRV.sde\geodata_work.EGISDATA.Transportation\geodata_work.EGISDATA.trail_multiuse,GlobalID,-1,-1;URL "URL" true true false 100 Text 0 0 ,First,#,Database Connections\DC@egisdata@geodata_work@BALT-GISWB1-SRV.sde\geodata_work.EGISDATA.Transportation\geodata_work.EGISDATA.trail_multiuse,URL,-1,-1;Shape.len "Shape.len" false false true 0 Double 0 0 ,First,#,Database Connections\DC@egisdata@geodata_work@BALT-GISWB1-SRV.sde\geodata_work.EGISDATA.Transportation\geodata_work.EGISDATA.trail_multiuse,Shape.len,-1,-1" #</Process><Process Name="Delete Features" ToolSource="C:\Program Files (x86)\ArcGIS\Desktop10.0\ArcToolbox\Toolboxes\Data Management Tools.tbx\DeleteFeatures" Date="20110802" Time="133054">DeleteFeatures "Database Connections\DC@egisdata@geodata@BALT-GISWB1-SRV.sde\geodata.EGISDATA.Transportation\geodata.EGISDATA.trail_multiuse"</Process><Process Name="Append" ToolSource="C:\Program Files (x86)\ArcGIS\Desktop10.0\ArcToolbox\Toolboxes\Data Management Tools.tbx\Append" Date="20110802" Time="133105">Append 'Database Connections\DC@egisdata@geodata_work@BALT-GISWB1-SRV.sde\geodata_work.EGISDATA.Transportation\geodata_work.EGISDATA.trail_multiuse' "Database Connections\DC@egisdata@geodata@BALT-GISWB1-SRV.sde\geodata.EGISDATA.Transportation\geodata.EGISDATA.trail_multiuse" NO_TEST "PHASE "PHASE" true true false 32 Text 0 0 ,First,#,Database Connections\DC@egisdata@geodata_work@BALT-GISWB1-SRV.sde\geodata_work.EGISDATA.Transportation\geodata_work.EGISDATA.trail_multiuse,PHASE,-1,-1;Trail "Trail" true true false 50 Text 0 0 ,First,#,Database Connections\DC@egisdata@geodata_work@BALT-GISWB1-SRV.sde\geodata_work.EGISDATA.Transportation\geodata_work.EGISDATA.trail_multiuse,Trail,-1,-1;FAC_TYPE "FAC_TYPE" true true false 24 Text 0 0 ,First,#,Database Connections\DC@egisdata@geodata_work@BALT-GISWB1-SRV.sde\geodata_work.EGISDATA.Transportation\geodata_work.EGISDATA.trail_multiuse,FAC_TYPE,-1,-1;Surf_Type "Surf_Type" true true false 50 Text 0 0 ,First,#,Database Connections\DC@egisdata@geodata_work@BALT-GISWB1-SRV.sde\geodata_work.EGISDATA.Transportation\geodata_work.EGISDATA.trail_multiuse,Surf_Type,-1,-1;On_Road "On_Road" true true false 35 Text 0 0 ,First,#,Database Connections\DC@egisdata@geodata_work@BALT-GISWB1-SRV.sde\geodata_work.EGISDATA.Transportation\geodata_work.EGISDATA.trail_multiuse,On_Road,-1,-1;Notes "Notes" true true false 25 Text 0 0 ,First,#,Database Connections\DC@egisdata@geodata_work@BALT-GISWB1-SRV.sde\geodata_work.EGISDATA.Transportation\geodata_work.EGISDATA.trail_multiuse,Notes,-1,-1;GlobalID "GlobalID" false false true 38 GlobalID 0 0 ,First,#,Database Connections\DC@egisdata@geodata_work@BALT-GISWB1-SRV.sde\geodata_work.EGISDATA.Transportation\geodata_work.EGISDATA.trail_multiuse,GlobalID,-1,-1;URL "URL" true true false 100 Text 0 0 ,First,#,Database Connections\DC@egisdata@geodata_work@BALT-GISWB1-SRV.sde\geodata_work.EGISDATA.Transportation\geodata_work.EGISDATA.trail_multiuse,URL,-1,-1;Shape.len "Shape.len" false false true 0 Double 0 0 ,First,#,Database Connections\DC@egisdata@geodata_work@BALT-GISWB1-SRV.sde\geodata_work.EGISDATA.Transportation\geodata_work.EGISDATA.trail_multiuse,Shape.len,-1,-1" #</Process><Process Name="Delete Features" ToolSource="C:\Program Files (x86)\ArcGIS\Desktop10.0\ArcToolbox\Toolboxes\Data Management Tools.tbx\DeleteFeatures" Date="20110803" Time="131409">DeleteFeatures "Database Connections\DC@egisdata@geodata@BALT-GISWB1-SRV.sde\geodata.EGISDATA.Transportation\geodata.EGISDATA.trail_multiuse"</Process><Process Name="Append" ToolSource="C:\Program Files (x86)\ArcGIS\Desktop10.0\ArcToolbox\Toolboxes\Data Management Tools.tbx\Append" Date="20110803" Time="131420">Append 'Database Connections\DC@egisdata@geodata_work@BALT-GISWB1-SRV.sde\geodata_work.EGISDATA.Transportation\geodata_work.EGISDATA.trail_multiuse' "Database Connections\DC@egisdata@geodata@BALT-GISWB1-SRV.sde\geodata.EGISDATA.Transportation\geodata.EGISDATA.trail_multiuse" NO_TEST "PHASE "PHASE" true true false 32 Text 0 0 ,First,#,Database Connections\DC@egisdata@geodata_work@BALT-GISWB1-SRV.sde\geodata_work.EGISDATA.Transportation\geodata_work.EGISDATA.trail_multiuse,PHASE,-1,-1;Trail "Trail" true true false 50 Text 0 0 ,First,#,Database Connections\DC@egisdata@geodata_work@BALT-GISWB1-SRV.sde\geodata_work.EGISDATA.Transportation\geodata_work.EGISDATA.trail_multiuse,Trail,-1,-1;FAC_TYPE "FAC_TYPE" true true false 24 Text 0 0 ,First,#,Database Connections\DC@egisdata@geodata_work@BALT-GISWB1-SRV.sde\geodata_work.EGISDATA.Transportation\geodata_work.EGISDATA.trail_multiuse,FAC_TYPE,-1,-1;Surf_Type "Surf_Type" true true false 50 Text 0 0 ,First,#,Database Connections\DC@egisdata@geodata_work@BALT-GISWB1-SRV.sde\geodata_work.EGISDATA.Transportation\geodata_work.EGISDATA.trail_multiuse,Surf_Type,-1,-1;On_Road "On_Road" true true false 35 Text 0 0 ,First,#,Database Connections\DC@egisdata@geodata_work@BALT-GISWB1-SRV.sde\geodata_work.EGISDATA.Transportation\geodata_work.EGISDATA.trail_multiuse,On_Road,-1,-1;Notes "Notes" true true false 25 Text 0 0 ,First,#,Database Connections\DC@egisdata@geodata_work@BALT-GISWB1-SRV.sde\geodata_work.EGISDATA.Transportation\geodata_work.EGISDATA.trail_multiuse,Notes,-1,-1;GlobalID "GlobalID" false false true 38 GlobalID 0 0 ,First,#,Database Connections\DC@egisdata@geodata_work@BALT-GISWB1-SRV.sde\geodata_work.EGISDATA.Transportation\geodata_work.EGISDATA.trail_multiuse,GlobalID,-1,-1;URL "URL" true true false 100 Text 0 0 ,First,#,Database Connections\DC@egisdata@geodata_work@BALT-GISWB1-SRV.sde\geodata_work.EGISDATA.Transportation\geodata_work.EGISDATA.trail_multiuse,URL,-1,-1;Shape.len "Shape.len" false false true 0 Double 0 0 ,First,#,Database Connections\DC@egisdata@geodata_work@BALT-GISWB1-SRV.sde\geodata_work.EGISDATA.Transportation\geodata_work.EGISDATA.trail_multiuse,Shape.len,-1,-1" #</Process><Process Name="Delete Features" ToolSource="C:\Program Files (x86)\ArcGIS\Desktop10.0\ArcToolbox\Toolboxes\Data Management Tools.tbx\DeleteFeatures" Date="20110809" Time="095051">DeleteFeatures "Database Connections\DC@egisdata@geodata@BALT-GISWB1-SRV.sde\geodata.EGISDATA.Transportation\geodata.EGISDATA.trail_multiuse"</Process><Process Name="Append" ToolSource="C:\Program Files (x86)\ArcGIS\Desktop10.0\ArcToolbox\Toolboxes\Data Management Tools.tbx\Append" Date="20110809" Time="095103">Append 'Database Connections\DC@egisdata@geodata_work@BALT-GISWB1-SRV.sde\geodata_work.EGISDATA.Transportation\geodata_work.EGISDATA.trail_multiuse' "Database Connections\DC@egisdata@geodata@BALT-GISWB1-SRV.sde\geodata.EGISDATA.Transportation\geodata.EGISDATA.trail_multiuse" NO_TEST "PHASE "PHASE" true true false 32 Text 0 0 ,First,#,Database Connections\DC@egisdata@geodata_work@BALT-GISWB1-SRV.sde\geodata_work.EGISDATA.Transportation\geodata_work.EGISDATA.trail_multiuse,PHASE,-1,-1;Trail "Trail" true true false 50 Text 0 0 ,First,#,Database Connections\DC@egisdata@geodata_work@BALT-GISWB1-SRV.sde\geodata_work.EGISDATA.Transportation\geodata_work.EGISDATA.trail_multiuse,Trail,-1,-1;FAC_TYPE "FAC_TYPE" true true false 24 Text 0 0 ,First,#,Database Connections\DC@egisdata@geodata_work@BALT-GISWB1-SRV.sde\geodata_work.EGISDATA.Transportation\geodata_work.EGISDATA.trail_multiuse,FAC_TYPE,-1,-1;Surf_Type "Surf_Type" true true false 50 Text 0 0 ,First,#,Database Connections\DC@egisdata@geodata_work@BALT-GISWB1-SRV.sde\geodata_work.EGISDATA.Transportation\geodata_work.EGISDATA.trail_multiuse,Surf_Type,-1,-1;On_Road "On_Road" true true false 35 Text 0 0 ,First,#,Database Connections\DC@egisdata@geodata_work@BALT-GISWB1-SRV.sde\geodata_work.EGISDATA.Transportation\geodata_work.EGISDATA.trail_multiuse,On_Road,-1,-1;Notes "Notes" true true false 25 Text 0 0 ,First,#,Database Connections\DC@egisdata@geodata_work@BALT-GISWB1-SRV.sde\geodata_work.EGISDATA.Transportation\geodata_work.EGISDATA.trail_multiuse,Notes,-1,-1;GlobalID "GlobalID" false false true 38 GlobalID 0 0 ,First,#,Database Connections\DC@egisdata@geodata_work@BALT-GISWB1-SRV.sde\geodata_work.EGISDATA.Transportation\geodata_work.EGISDATA.trail_multiuse,GlobalID,-1,-1;URL "URL" true true false 100 Text 0 0 ,First,#,Database Connections\DC@egisdata@geodata_work@BALT-GISWB1-SRV.sde\geodata_work.EGISDATA.Transportation\geodata_work.EGISDATA.trail_multiuse,URL,-1,-1;Shape.len "Shape.len" false false true 0 Double 0 0 ,First,#,Database Connections\DC@egisdata@geodata_work@BALT-GISWB1-SRV.sde\geodata_work.EGISDATA.Transportation\geodata_work.EGISDATA.trail_multiuse,Shape.len,-1,-1" #</Process><Process Name="Delete Features" ToolSource="C:\Program Files (x86)\ArcGIS\Desktop10.0\ArcToolbox\Toolboxes\Data Management Tools.tbx\DeleteFeatures" Date="20110906" Time="102714">DeleteFeatures "Database Connections\DC@egisdata@geodata@BALT-GISWB1-SRV.sde\geodata.EGISDATA.Transportation\geodata.EGISDATA.trail_multiuse"</Process><Process Name="Append" ToolSource="C:\Program Files (x86)\ArcGIS\Desktop10.0\ArcToolbox\Toolboxes\Data Management Tools.tbx\Append" Date="20110906" Time="102726">Append 'Database Connections\DC@egisdata@geodata_work@BALT-GISWB1-SRV.sde\geodata_work.EGISDATA.Transportation\geodata_work.EGISDATA.trail_multiuse' "Database Connections\DC@egisdata@geodata@BALT-GISWB1-SRV.sde\geodata.EGISDATA.Transportation\geodata.EGISDATA.trail_multiuse" NO_TEST "PHASE "PHASE" true true false 32 Text 0 0 ,First,#,Database Connections\DC@egisdata@geodata_work@BALT-GISWB1-SRV.sde\geodata_work.EGISDATA.Transportation\geodata_work.EGISDATA.trail_multiuse,PHASE,-1,-1;Trail "Trail" true true false 50 Text 0 0 ,First,#,Database Connections\DC@egisdata@geodata_work@BALT-GISWB1-SRV.sde\geodata_work.EGISDATA.Transportation\geodata_work.EGISDATA.trail_multiuse,Trail,-1,-1;FAC_TYPE "FAC_TYPE" true true false 24 Text 0 0 ,First,#,Database Connections\DC@egisdata@geodata_work@BALT-GISWB1-SRV.sde\geodata_work.EGISDATA.Transportation\geodata_work.EGISDATA.trail_multiuse,FAC_TYPE,-1,-1;Surf_Type "Surf_Type" true true false 50 Text 0 0 ,First,#,Database Connections\DC@egisdata@geodata_work@BALT-GISWB1-SRV.sde\geodata_work.EGISDATA.Transportation\geodata_work.EGISDATA.trail_multiuse,Surf_Type,-1,-1;On_Road "On_Road" true true false 35 Text 0 0 ,First,#,Database Connections\DC@egisdata@geodata_work@BALT-GISWB1-SRV.sde\geodata_work.EGISDATA.Transportation\geodata_work.EGISDATA.trail_multiuse,On_Road,-1,-1;Notes "Notes" true true false 25 Text 0 0 ,First,#,Database Connections\DC@egisdata@geodata_work@BALT-GISWB1-SRV.sde\geodata_work.EGISDATA.Transportation\geodata_work.EGISDATA.trail_multiuse,Notes,-1,-1;GlobalID "GlobalID" false false true 38 GlobalID 0 0 ,First,#,Database Connections\DC@egisdata@geodata_work@BALT-GISWB1-SRV.sde\geodata_work.EGISDATA.Transportation\geodata_work.EGISDATA.trail_multiuse,GlobalID,-1,-1;URL "URL" true true false 100 Text 0 0 ,First,#,Database Connections\DC@egisdata@geodata_work@BALT-GISWB1-SRV.sde\geodata_work.EGISDATA.Transportation\geodata_work.EGISDATA.trail_multiuse,URL,-1,-1;Shape.len "Shape.len" false false true 0 Double 0 0 ,First,#,Database Connections\DC@egisdata@geodata_work@BALT-GISWB1-SRV.sde\geodata_work.EGISDATA.Transportation\geodata_work.EGISDATA.trail_multiuse,Shape.len,-1,-1" #</Process><Process Name="Delete Features" ToolSource="C:\Program Files (x86)\ArcGIS\Desktop10.0\ArcToolbox\Toolboxes\Data Management Tools.tbx\DeleteFeatures" Date="20111012" Time="094921">DeleteFeatures "Database Connections\DC@egisdata@geodata@BALT-GISWB1-SRV.sde\geodata.EGISDATA.Transportation\geodata.EGISDATA.trail_multiuse"</Process><Process Name="Append" ToolSource="C:\Program Files (x86)\ArcGIS\Desktop10.0\ArcToolbox\Toolboxes\Data Management Tools.tbx\Append" Date="20111012" Time="094932">Append 'Database Connections\DC@egisdata@geodata_work@BALT-GISWB1-SRV.sde\geodata_work.EGISDATA.Transportation\geodata_work.EGISDATA.trail_multiuse' "Database Connections\DC@egisdata@geodata@BALT-GISWB1-SRV.sde\geodata.EGISDATA.Transportation\geodata.EGISDATA.trail_multiuse" NO_TEST "PHASE "PHASE" true true false 32 Text 0 0 ,First,#,Database Connections\DC@egisdata@geodata_work@BALT-GISWB1-SRV.sde\geodata_work.EGISDATA.Transportation\geodata_work.EGISDATA.trail_multiuse,PHASE,-1,-1;Trail "Trail" true true false 50 Text 0 0 ,First,#,Database Connections\DC@egisdata@geodata_work@BALT-GISWB1-SRV.sde\geodata_work.EGISDATA.Transportation\geodata_work.EGISDATA.trail_multiuse,Trail,-1,-1;FAC_TYPE "FAC_TYPE" true true false 24 Text 0 0 ,First,#,Database Connections\DC@egisdata@geodata_work@BALT-GISWB1-SRV.sde\geodata_work.EGISDATA.Transportation\geodata_work.EGISDATA.trail_multiuse,FAC_TYPE,-1,-1;Surf_Type "Surf_Type" true true false 50 Text 0 0 ,First,#,Database Connections\DC@egisdata@geodata_work@BALT-GISWB1-SRV.sde\geodata_work.EGISDATA.Transportation\geodata_work.EGISDATA.trail_multiuse,Surf_Type,-1,-1;On_Road "On_Road" true true false 35 Text 0 0 ,First,#,Database Connections\DC@egisdata@geodata_work@BALT-GISWB1-SRV.sde\geodata_work.EGISDATA.Transportation\geodata_work.EGISDATA.trail_multiuse,On_Road,-1,-1;Notes "Notes" true true false 25 Text 0 0 ,First,#,Database Connections\DC@egisdata@geodata_work@BALT-GISWB1-SRV.sde\geodata_work.EGISDATA.Transportation\geodata_work.EGISDATA.trail_multiuse,Notes,-1,-1;GlobalID "GlobalID" false false true 38 GlobalID 0 0 ,First,#,Database Connections\DC@egisdata@geodata_work@BALT-GISWB1-SRV.sde\geodata_work.EGISDATA.Transportation\geodata_work.EGISDATA.trail_multiuse,GlobalID,-1,-1;URL "URL" true true false 100 Text 0 0 ,First,#,Database Connections\DC@egisdata@geodata_work@BALT-GISWB1-SRV.sde\geodata_work.EGISDATA.Transportation\geodata_work.EGISDATA.trail_multiuse,URL,-1,-1;Shape.len "Shape.len" false false true 0 Double 0 0 ,First,#,Database Connections\DC@egisdata@geodata_work@BALT-GISWB1-SRV.sde\geodata_work.EGISDATA.Transportation\geodata_work.EGISDATA.trail_multiuse,Shape.len,-1,-1" #</Process><Process Name="Delete Features" ToolSource="C:\Program Files (x86)\ArcGIS\Desktop10.0\ArcToolbox\Toolboxes\Data Management Tools.tbx\DeleteFeatures" Date="20111115" Time="141218">DeleteFeatures "Database Connections\DC@egisdata@geodata@BALT-GISWB1-SRV.sde\geodata.EGISDATA.Transportation\geodata.EGISDATA.trail_multiuse"</Process><Process Name="Append" ToolSource="C:\Program Files (x86)\ArcGIS\Desktop10.0\ArcToolbox\Toolboxes\Data Management Tools.tbx\Append" Date="20111115" Time="141235">Append 'Database Connections\DC@egisdata@geodata_work@BALT-GISWB1-SRV.sde\geodata_work.EGISDATA.Transportation\geodata_work.EGISDATA.trail_multiuse' "Database Connections\DC@egisdata@geodata@BALT-GISWB1-SRV.sde\geodata.EGISDATA.Transportation\geodata.EGISDATA.trail_multiuse" NO_TEST "PHASE "PHASE" true true false 32 Text 0 0 ,First,#,Database Connections\DC@egisdata@geodata_work@BALT-GISWB1-SRV.sde\geodata_work.EGISDATA.Transportation\geodata_work.EGISDATA.trail_multiuse,PHASE,-1,-1;Trail "Trail" true true false 50 Text 0 0 ,First,#,Database Connections\DC@egisdata@geodata_work@BALT-GISWB1-SRV.sde\geodata_work.EGISDATA.Transportation\geodata_work.EGISDATA.trail_multiuse,Trail,-1,-1;FAC_TYPE "FAC_TYPE" true true false 24 Text 0 0 ,First,#,Database Connections\DC@egisdata@geodata_work@BALT-GISWB1-SRV.sde\geodata_work.EGISDATA.Transportation\geodata_work.EGISDATA.trail_multiuse,FAC_TYPE,-1,-1;Surf_Type "Surf_Type" true true false 50 Text 0 0 ,First,#,Database Connections\DC@egisdata@geodata_work@BALT-GISWB1-SRV.sde\geodata_work.EGISDATA.Transportation\geodata_work.EGISDATA.trail_multiuse,Surf_Type,-1,-1;On_Road "On_Road" true true false 35 Text 0 0 ,First,#,Database Connections\DC@egisdata@geodata_work@BALT-GISWB1-SRV.sde\geodata_work.EGISDATA.Transportation\geodata_work.EGISDATA.trail_multiuse,On_Road,-1,-1;Notes "Notes" true true false 25 Text 0 0 ,First,#,Database Connections\DC@egisdata@geodata_work@BALT-GISWB1-SRV.sde\geodata_work.EGISDATA.Transportation\geodata_work.EGISDATA.trail_multiuse,Notes,-1,-1;GlobalID "GlobalID" false false true 38 GlobalID 0 0 ,First,#,Database Connections\DC@egisdata@geodata_work@BALT-GISWB1-SRV.sde\geodata_work.EGISDATA.Transportation\geodata_work.EGISDATA.trail_multiuse,GlobalID,-1,-1;URL "URL" true true false 100 Text 0 0 ,First,#,Database Connections\DC@egisdata@geodata_work@BALT-GISWB1-SRV.sde\geodata_work.EGISDATA.Transportation\geodata_work.EGISDATA.trail_multiuse,URL,-1,-1;Shape.len "Shape.len" false false true 0 Double 0 0 ,First,#,Database Connections\DC@egisdata@geodata_work@BALT-GISWB1-SRV.sde\geodata_work.EGISDATA.Transportation\geodata_work.EGISDATA.trail_multiuse,Shape.len,-1,-1" #</Process><Process Name="Append" ToolSource="C:\Program Files (x86)\ArcGIS\Desktop10.0\ArcToolbox\Toolboxes\Data Management Tools.tbx\Append" Date="20111115" Time="141306">Append 'Database Connections\DC@egisdata@geodata_work@BALT-GISWB1-SRV.sde\geodata_work.EGISDATA.Transportation\geodata_work.EGISDATA.trail_multiuse' "Database Connections\DC@egisdata@geodata@BALT-GISWB1-SRV.sde\geodata.EGISDATA.Transportation\geodata.EGISDATA.trail_multiuse" NO_TEST "PHASE "PHASE" true true false 32 Text 0 0 ,First,#,Database Connections\DC@egisdata@geodata_work@BALT-GISWB1-SRV.sde\geodata_work.EGISDATA.Transportation\geodata_work.EGISDATA.trail_multiuse,PHASE,-1,-1;Trail "Trail" true true false 50 Text 0 0 ,First,#,Database Connections\DC@egisdata@geodata_work@BALT-GISWB1-SRV.sde\geodata_work.EGISDATA.Transportation\geodata_work.EGISDATA.trail_multiuse,Trail,-1,-1;FAC_TYPE "FAC_TYPE" true true false 24 Text 0 0 ,First,#,Database Connections\DC@egisdata@geodata_work@BALT-GISWB1-SRV.sde\geodata_work.EGISDATA.Transportation\geodata_work.EGISDATA.trail_multiuse,FAC_TYPE,-1,-1;Surf_Type "Surf_Type" true true false 50 Text 0 0 ,First,#,Database Connections\DC@egisdata@geodata_work@BALT-GISWB1-SRV.sde\geodata_work.EGISDATA.Transportation\geodata_work.EGISDATA.trail_multiuse,Surf_Type,-1,-1;On_Road "On_Road" true true false 35 Text 0 0 ,First,#,Database Connections\DC@egisdata@geodata_work@BALT-GISWB1-SRV.sde\geodata_work.EGISDATA.Transportation\geodata_work.EGISDATA.trail_multiuse,On_Road,-1,-1;Notes "Notes" true true false 25 Text 0 0 ,First,#,Database Connections\DC@egisdata@geodata_work@BALT-GISWB1-SRV.sde\geodata_work.EGISDATA.Transportation\geodata_work.EGISDATA.trail_multiuse,Notes,-1,-1;GlobalID "GlobalID" false false true 38 GlobalID 0 0 ,First,#,Database Connections\DC@egisdata@geodata_work@BALT-GISWB1-SRV.sde\geodata_work.EGISDATA.Transportation\geodata_work.EGISDATA.trail_multiuse,GlobalID,-1,-1;URL "URL" true true false 100 Text 0 0 ,First,#,Database Connections\DC@egisdata@geodata_work@BALT-GISWB1-SRV.sde\geodata_work.EGISDATA.Transportation\geodata_work.EGISDATA.trail_multiuse,URL,-1,-1;Shape.len "Shape.len" false false true 0 Double 0 0 ,First,#,Database Connections\DC@egisdata@geodata_work@BALT-GISWB1-SRV.sde\geodata_work.EGISDATA.Transportation\geodata_work.EGISDATA.trail_multiuse,Shape.len,-1,-1" #</Process></lineage><itemProps><itemLocation><linkage Sync="TRUE">Server=BALT_GISWB1-SRV; Service=sde:sqlserver:BALT-GISWB1-SRV; Database=geodata; User=egisdata; Version=sde.DEFAULT</linkage><protocol Sync="TRUE">ArcSDE Connection</protocol></itemLocation></itemProps></DataProperties><ArcGISFormat>1.0</ArcGISFormat></Esri><idinfo><native Sync="TRUE">Microsoft Windows XP Version 5.1 (Build 2600) Service Pack 3; ESRI ArcCatalog 9.3.1.3500</native><descript><langdata Sync="TRUE">en</langdata><abstract>The BaltimoreCity_multiuse_trails layer shows all current and proposed multiuse trails within the Baltimore City limits.  It is based on trail shapefiles developed for the Baltimore Bicycle Master Plan in 2006 by Toole Design Group.</abstract><purpose>To show current and proposed multi-use trails in the City of Baltimore.</purpose></descript><citation><citeinfo><origin>Baltimore City Department of Transportation Planning Division</origin><pubdate>2008-12-15</pubdate><title Sync="TRUE">geodata.DBO.trail_multiuse</title><ftname Sync="TRUE">geodata.DBO.trail_multiuse</ftname><geoform Sync="TRUE">vector digital data</geoform><onlink Sync="TRUE">Server=BALT-GISWB1-SRV; Service=sde:sqlserver:BALT-GISWB1-SRV; Database=geodata_work; User=egisdata; Version=sde.DEFAULT</onlink></citeinfo></citation><timeperd><current>publication date</current><timeinfo><sngdate><caldate>2008-12-15</caldate></sngdate></timeinfo></timeperd><status><progress>Complete</progress><update>As needed</update></status><spdom><bounding><westbc Sync="TRUE">-76.712977</westbc><eastbc Sync="TRUE">-76.529434</eastbc><northbc Sync="TRUE">39.372835</northbc><southbc Sync="TRUE">39.208602</southbc></bounding><lboundng><leftbc Sync="TRUE">1393663.712554</leftbc><rightbc Sync="TRUE">1445365.609892</rightbc><bottombc Sync="TRUE">561901.531256</bottombc><topbc Sync="TRUE">621506.789425</topbc></lboundng></spdom><keywords><theme><themekt>None</themekt><themekey>Trail</themekey></theme><place><placekey>Baltimore City</placekey></place></keywords><accconst>License agreement required for use of data.  Contact MOIT/EGIS (410-396-4106) for access constraints.</accconst><useconst>Every reasonable effort has been made to ensure the accuracy of this data.  The City of Baltimore makes no representations nor warranties, either expressed or implied, regarding the accuracy of this information or its suitability for any particular purpose whatsoever.  The data is licensed "as is" and the City of Baltimore will not be liable for its use or misue by any party.  </useconst><natvform Sync="TRUE">SDE Feature Class</natvform><ptcontac><cntinfo><cntperp><cntper>James Harding</cntper><cntorg>Baltimore City Department of Transportation Planning Division</cntorg></cntperp><cntpos>GIS Analyst</cntpos><cntaddr><addrtype>mailing address</addrtype><address>417 E Fayette St</address><city>Baltimore</city><state>MD</state><postal>21202</postal><country>USA</country></cntaddr><cntvoice>443-984-4094</cntvoice><cntemail>james.harding@baltimorecity.gov</cntemail></cntinfo></ptcontac></idinfo><dataIdInfo><envirDesc Sync="TRUE">Microsoft Windows XP Version 5.1 (Build 2600) Service Pack 3; ESRI ArcCatalog 9.3.1.3500</envirDesc><dataLang><languageCode Sync="TRUE" value="en"></languageCode></dataLang><idCitation><resTitle Sync="TRUE">geodata.DBO.trail_multiuse</resTitle><presForm><PresFormCd Sync="TRUE" value="005"></PresFormCd></presForm></idCitation><spatRpType><SpatRepTypCd Sync="TRUE" value="001"></SpatRepTypCd></spatRpType><dataExt><geoEle><GeoBndBox esriExtentType="native"><westBL Sync="TRUE">1393663.712554</westBL><eastBL Sync="TRUE">1445365.609892</eastBL><northBL Sync="TRUE">621506.789425</northBL><southBL Sync="TRUE">561901.531256</southBL><exTypeCode Sync="TRUE">1</exTypeCode></GeoBndBox></geoEle></dataExt><geoBox esriExtentType="decdegrees"><westBL Sync="TRUE">-76.712977</westBL><eastBL Sync="TRUE">-76.529434</eastBL><northBL Sync="TRUE">39.372835</northBL><southBL Sync="TRUE">39.208602</southBL><exTypeCode Sync="TRUE">1</exTypeCode></geoBox></dataIdInfo><metainfo><langmeta Sync="TRUE">en</langmeta><metstdn Sync="TRUE">FGDC Content Standards for Digital Geospatial Metadata</metstdn><metstdv Sync="TRUE">FGDC-STD-001-1998</metstdv><mettc Sync="TRUE">local time</mettc><metc><cntinfo><cntorgp><cntper>REQUIRED: The person responsible for the metadata information.</cntper><cntorg>REQUIRED: The organization responsible for the metadata information.</cntorg></cntorgp><cntaddr><addrtype>REQUIRED: The mailing and/or physical address for the organization or individual.</addrtype><city>REQUIRED: The city of the address.</city><state>REQUIRED: The state or province of the address.</state><postal>REQUIRED: The ZIP or other postal code of the address.</postal></cntaddr><cntvoice>REQUIRED: The telephone number by which individuals can speak to the organization or individual.</cntvoice></cntinfo></metc><metd Sync="TRUE">20100407</metd><metextns><onlink Sync="TRUE">http://www.esri.com/metadata/esriprof80.html</onlink><metprof Sync="TRUE">ESRI Metadata Profile</metprof></metextns></metainfo><mdLang><languageCode Sync="TRUE" value="en"></languageCode></mdLang><mdStanName Sync="TRUE">ISO 19115 Geographic Information - Metadata</mdStanName><mdStanVer Sync="TRUE">DIS_ESRI1.0</mdStanVer><mdChar><CharSetCd Sync="TRUE" value="004"></CharSetCd></mdChar><mdHrLv><ScopeCd Sync="TRUE" value="005"></ScopeCd></mdHrLv><mdHrLvName Sync="TRUE">dataset</mdHrLvName><distinfo><resdesc Sync="TRUE">Downloadable Data</resdesc><stdorder><digform><digtinfo><transize Sync="TRUE">0.000</transize><dssize Sync="TRUE">0.000</dssize></digtinfo></digform></stdorder></distinfo><distInfo><distributor><distorTran><onLineSrc><orDesc Sync="TRUE">002</orDesc><linkage Sync="TRUE">Server=BALT-GISWB1-SRV; Service=sde:sqlserver:BALT-GISWB1-SRV; Database=geodata_work; User=egisdata; Version=sde.DEFAULT</linkage><protocol Sync="TRUE">ArcSDE Connection</protocol></onLineSrc><transSize Sync="TRUE">0.000</transSize></distorTran><distorFormat><formatName Sync="TRUE">SDE Feature Class</formatName></distorFormat></distributor></distInfo><spdoinfo><direct Sync="TRUE">Vector</direct><ptvctinf><esriterm Name="geodata.DBO.trail_multiuse"><efeatyp Sync="TRUE">Simple</efeatyp><efeageom Sync="TRUE">Polyline</efeageom><esritopo Sync="TRUE">FALSE</esritopo><efeacnt Sync="TRUE">0</efeacnt><spindex Sync="TRUE">TRUE</spindex><linrefer Sync="TRUE">FALSE</linrefer></esriterm><sdtsterm Name="geodata.DBO.trail_multiuse"><sdtstype Sync="TRUE">String</sdtstype><ptvctcnt Sync="TRUE">0</ptvctcnt></sdtsterm></ptvctinf></spdoinfo><spatRepInfo><VectSpatRep><topLvl><TopoLevCd Sync="TRUE" value="001"></TopoLevCd></topLvl><geometObjs Name="geodata.DBO.trail_multiuse"><geoObjTyp><GeoObjTypCd Sync="TRUE" value="001"></GeoObjTypCd></geoObjTyp><geoObjCnt Sync="TRUE">0</geoObjCnt></geometObjs></VectSpatRep></spatRepInfo><eainfo><detailed Name="geodata.DBO.trail_multiuse"><enttyp><enttypl Sync="TRUE">geodata.DBO.trail_multiuse</enttypl><enttypt Sync="TRUE">Feature Class</enttypt><enttypc Sync="TRUE">0</enttypc></enttyp><attr><attrlabl Sync="TRUE">PHASE</attrlabl><attalias Sync="TRUE">PHASE</attalias><attrtype Sync="TRUE">String</attrtype><attwidth Sync="TRUE">32</attwidth><attrdef>Status</attrdef><attrdefs Sync="TRUE">ESRI</attrdefs><attrdomv><edom><edomv>Completed</edomv><edomvd>Existing Multi-use Trail </edomvd></edom><edom><edomv>Proposed</edomv><edomvd>Proposed Multi-use Trail</edomvd></edom></attrdomv><atprecis Sync="TRUE">0</atprecis><attscale Sync="TRUE">0</attscale></attr><attr><attrlabl Sync="TRUE">OBJECTID</attrlabl><attalias Sync="TRUE">OBJECTID</attalias><attrtype Sync="TRUE">OID</attrtype><attwidth Sync="TRUE">4</attwidth><atprecis Sync="TRUE">10</atprecis><attscale Sync="TRUE">0</attscale><attrdef Sync="TRUE">Internal feature number.</attrdef><attrdefs Sync="TRUE">ESRI</attrdefs><attrdomv><udom Sync="TRUE">Sequential unique whole numbers that are automatically generated.</udom></attrdomv></attr><attr><attrlabl Sync="TRUE">Shape</attrlabl><attalias Sync="TRUE">Shape</attalias><attrtype Sync="TRUE">Geometry</attrtype><attwidth Sync="TRUE">4</attwidth><attrdef Sync="TRUE">Feature geometry.</attrdef><attrdefs Sync="TRUE">ESRI</attrdefs><attrdomv><udom Sync="TRUE">Coordinates defining the features.</udom></attrdomv><atprecis Sync="TRUE">0</atprecis><attscale Sync="TRUE">0</attscale></attr><attr><attrlabl Sync="TRUE">Trail</attrlabl><attalias Sync="TRUE">Trail</attalias><attrtype Sync="TRUE">String</attrtype><attwidth Sync="TRUE">50</attwidth><attrdef>Trail Name</attrdef><atprecis Sync="TRUE">0</atprecis><attscale Sync="TRUE">0</attscale></attr><attr><attrlabl Sync="TRUE">FAC_TYPE</attrlabl><attalias Sync="TRUE">FAC_TYPE</attalias><attrtype Sync="TRUE">String</attrtype><attwidth Sync="TRUE">24</attwidth><attrdef>Facility Type</attrdef><attrdomv><edom><edomv>Connector Path</edomv></edom><edom><edomv>Old Road Conversion</edomv></edom><edom><edomv>Path</edomv></edom><edom><edomv>Promenade and Sidewalk</edomv></edom><edom><edomv>Rail-Trail</edomv></edom><edom><edomv>Sidepath</edomv></edom><edom><edomv>Waterfront Promenade</edomv></edom></attrdomv><atprecis Sync="TRUE">0</atprecis><attscale Sync="TRUE">0</attscale></attr><attr><attrlabl Sync="TRUE">Surf_Type</attrlabl><attalias Sync="TRUE">Surf_Type</attalias><attrtype Sync="TRUE">String</attrtype><attwidth Sync="TRUE">50</attwidth><attrdef>Surface Type</attrdef><attrdomv><edom><edomv>ASH-HMA</edomv><edomvd>Asphalt - Hot Mix Asphalt</edomvd></edom><edom><edomv>Brick</edomv></edom><edom><edomv>Cobble</edomv><edomvd>Cobble Stone</edomvd></edom><edom><edomv>Crusher Run</edomv><edomvd>Crushed rock</edomvd></edom><edom><edomv>Dirt</edomv></edom><edom><edomv>Metal</edomv><edomvd>Metal pontoon</edomvd></edom></attrdomv><atprecis Sync="TRUE">0</atprecis><attscale Sync="TRUE">0</attscale></attr><attr><attrlabl Sync="TRUE">On_Road</attrlabl><attalias Sync="TRUE">On_Road</attalias><attrtype Sync="TRUE">String</attrtype><attwidth Sync="TRUE">35</attwidth><atprecis Sync="TRUE">0</atprecis><attscale Sync="TRUE">0</attscale></attr><attr><attrlabl Sync="TRUE">Notes</attrlabl><attalias Sync="TRUE">Notes</attalias><attrtype Sync="TRUE">String</attrtype><attwidth Sync="TRUE">25</attwidth><atprecis Sync="TRUE">0</atprecis><attscale Sync="TRUE">0</attscale></attr><attr><attrlabl Sync="TRUE">Shape.len</attrlabl><attalias Sync="TRUE">Shape.len</attalias><attrtype Sync="TRUE">Double</attrtype><attwidth Sync="TRUE">0</attwidth><atprecis Sync="TRUE">0</atprecis><attscale Sync="TRUE">0</attscale></attr></detailed></eainfo><mdDateSt Sync="TRUE">20100407</mdDateSt><dataqual><lineage><procstep><procdesc Sync="TRUE">Dataset copied.</procdesc><date Sync="TRUE">20080604</date><time Sync="TRUE">15492800</time></procstep><procstep><procdesc Sync="TRUE">Dataset copied.</procdesc><srcused Sync="TRUE"></srcused><date Sync="TRUE">20080614</date><time Sync="TRUE">15130900</time></procstep><procstep><procdesc Sync="TRUE">Dataset copied.</procdesc><srcused Sync="TRUE">N:\Agency_Projects\Transportation\bike_master_plan\Bike_Mater_Plan_Updates\Baltimorecity_multiuse_trails</srcused><procdate Sync="TRUE">20090610</procdate><proctime Sync="TRUE">15353900</proctime></procstep><procstep><procdesc Sync="TRUE">Dataset copied.</procdesc><srcused Sync="TRUE"></srcused><procdate Sync="TRUE">20090812</procdate><proctime Sync="TRUE">14354900</proctime></procstep><procstep><procdesc Sync="TRUE">Dataset copied.</procdesc><srcused Sync="TRUE"></srcused><procdate Sync="TRUE">20090817</procdate><proctime Sync="TRUE">12520900</proctime></procstep><procstep><procdesc Sync="TRUE">Dataset copied.</procdesc><srcused Sync="TRUE">\\BCRP_BOP_ENG_86\BOP_ENG\USERS\ENGINCOMMON\GIS Parks Bureau\GIS Data\City Wide\ParksGIS.gdb</srcused><procdate Sync="TRUE">20090817</procdate><proctime Sync="TRUE">12563700</proctime></procstep><procstep><procdesc Sync="TRUE">Dataset copied.</procdesc><srcused Sync="TRUE"></srcused><procdate Sync="TRUE">20091007</procdate><proctime Sync="TRUE">13495400</proctime></procstep><procstep><procdesc Sync="TRUE">Dataset copied.</procdesc><srcused Sync="TRUE">M:\Data_repository\Parks_and_Recreation\trail_multiuse_100709</srcused><procdate Sync="TRUE">20091020</procdate><proctime Sync="TRUE">16145400</proctime></procstep><procstep><procdesc Sync="TRUE">Dataset copied.</procdesc><srcused Sync="TRUE">Server=BALT-GISWB1-SRV; Service=sde:sqlserver:BALT-GISWB1-SRV; Database=geodata; User=egisdata; Version=sde.DEFAULT</srcused><procdate Sync="TRUE">20100927</procdate><proctime Sync="TRUE">19252500</proctime></procstep><procstep><procdesc Sync="TRUE">Dataset copied.</procdesc><srcused Sync="TRUE">Server=BALT-GISWB1-SRV; Service=sde:sqlserver:BALT-GISWB1-SRV; Database=transportation; User=egisdata; Version=sde.DEFAULT</srcused><procdate Sync="TRUE">20100928</procdate><proctime Sync="TRUE">15445700</proctime></procstep><procstep><procdesc Sync="TRUE">Dataset copied.</procdesc><srcused Sync="TRUE">Service=sde:sqlserver:BALT-GISWB1-SRV; Database=geodata; User=egisdata; Version=sde.DEFAULT</srcused><procdate Sync="TRUE">20110124</procdate><proctime Sync="TRUE">12224100</proctime></procstep></lineage><logic>EGIS required</logic></dataqual><spref><horizsys><cordsysn><geogcsn Sync="TRUE">GCS_North_American_1983</geogcsn><projcsn Sync="TRUE">NAD_1983_StatePlane_Maryland_FIPS_1900_Feet</projcsn></cordsysn><planar><planci><plance Sync="TRUE">coordinate pair</plance><plandu Sync="TRUE">survey feet</plandu><coordrep><absres Sync="TRUE">0.000328</absres><ordres Sync="TRUE">0.000328</ordres></coordrep></planci><mapproj><mapprojn Sync="TRUE">Lambert Conformal Conic</mapprojn><lambertc><stdparll Sync="TRUE">38.300000</stdparll><stdparll Sync="TRUE">39.450000</stdparll><longcm Sync="TRUE">-77.000000</longcm><latprjo Sync="TRUE">37.666667</latprjo><feast Sync="TRUE">1312333.333333</feast><fnorth Sync="TRUE">0.000000</fnorth></lambertc></mapproj></planar><geodetic><horizdn Sync="TRUE">North American Datum of 1983</horizdn><ellips Sync="TRUE">Geodetic Reference System 80</ellips><semiaxis Sync="TRUE">6378137.000000</semiaxis><denflat Sync="TRUE">298.257222</denflat></geodetic></horizsys><vertdef><altsys><altenc Sync="TRUE">Explicit elevation coordinate included with horizontal coordinates</altenc><altres Sync="TRUE">1.000000</altres></altsys></vertdef></spref><refSysInfo><RefSystem><refSysID><identCode Sync="TRUE">NAD_1983_StatePlane_Maryland_FIPS_1900_Feet</identCode></refSysID></RefSystem></refSysInfo></metadata>
