<?xml version="1.0" encoding="UTF-8"?>
<metadata xml:lang="en"><Esri><CreaDate>20110923</CreaDate><CreaTime>11301600</CreaTime><ArcGISFormat>1.0</ArcGISFormat><SyncOnce>FALSE</SyncOnce><DataProperties><lineage><Process ToolSource="C:\Program Files (x86)\ArcGIS\Desktop10.0\ArcToolbox\Toolboxes\Data Management Tools.tbx\RepairGeometry" Date="20110923" Time="113016">RepairGeometry Red_Line_Baseline_092311 DELETE_NULL</Process><Process ToolSource="C:\Program Files (x86)\ArcGIS\Desktop10.0\ArcToolbox\Toolboxes\Conversion Tools.tbx\FeatureClassToFeatureClass" Date="20110923" Time="143025">FeatureClassToFeatureClass N:\Agency_Projects\Transportation\RedLine\Sept_2011\Red_Line_Baseline_092311.shp "Database Connections\DC@egisdata@geodata@balt-giswb1-srv.sde\geodata.EGISDATA.Transportation" red_line_baseline # "FID_ "FID_" true true false 9 Long 0 9 ,First,#,N:\Agency_Projects\Transportation\RedLine\Sept_2011\Red_Line_Baseline_092311.shp,FID_,-1,-1;Entity "Entity" true true false 16 Text 0 0 ,First,#,N:\Agency_Projects\Transportation\RedLine\Sept_2011\Red_Line_Baseline_092311.shp,Entity,-1,-1;Level_ "Level_" true true false 9 Long 0 9 ,First,#,N:\Agency_Projects\Transportation\RedLine\Sept_2011\Red_Line_Baseline_092311.shp,Level,-1,-1;Layer "Layer" true true false 254 Text 0 0 ,First,#,N:\Agency_Projects\Transportation\RedLine\Sept_2011\Red_Line_Baseline_092311.shp,Layer,-1,-1;Color "Color" true true false 4 Short 0 4 ,First,#,N:\Agency_Projects\Transportation\RedLine\Sept_2011\Red_Line_Baseline_092311.shp,Color,-1,-1;Linetype "Linetype" true true false 254 Text 0 0 ,First,#,N:\Agency_Projects\Transportation\RedLine\Sept_2011\Red_Line_Baseline_092311.shp,Linetype,-1,-1;Elevation "Elevation" true true false 19 Double 0 0 ,First,#,N:\Agency_Projects\Transportation\RedLine\Sept_2011\Red_Line_Baseline_092311.shp,Elevation,-1,-1;LineWt "LineWt" true true false 4 Short 0 4 ,First,#,N:\Agency_Projects\Transportation\RedLine\Sept_2011\Red_Line_Baseline_092311.shp,LineWt,-1,-1;RefName "RefName" true true false 254 Text 0 0 ,First,#,N:\Agency_Projects\Transportation\RedLine\Sept_2011\Red_Line_Baseline_092311.shp,RefName,-1,-1" #</Process><Process ToolSource="C:\Program Files\ArcGIS\Desktop10.0\ArcToolbox\Toolboxes\Conversion Tools.tbx\FeatureClassToFeatureClass" Date="20120917" Time="140955">FeatureClassToFeatureClass "Database Connections\DC@geodata@balt-giswb1-srv.sde\geodata.EGISDATA.Transportation\geodata.EGISDATA.red_line_baseline" N:\Data_Distribution\Licensees\2012\20120916_ElliottPlack_RedLine red_line_baseline.shp # "FID_ "FID_" true true false 4 Long 0 10 ,First,#,Database Connections\DC@geodata@balt-giswb1-srv.sde\geodata.EGISDATA.Transportation\geodata.EGISDATA.red_line_baseline,FID_,-1,-1;Entity "Entity" true true false 16 Text 0 0 ,First,#,Database Connections\DC@geodata@balt-giswb1-srv.sde\geodata.EGISDATA.Transportation\geodata.EGISDATA.red_line_baseline,geodata.EGISDATA.red_line_baseline.Entity,-1,-1;Level_ "Level_" true true false 4 Long 0 10 ,First,#,Database Connections\DC@geodata@balt-giswb1-srv.sde\geodata.EGISDATA.Transportation\geodata.EGISDATA.red_line_baseline,Level_,-1,-1;Layer "Layer" true true false 254 Text 0 0 ,First,#,Database Connections\DC@geodata@balt-giswb1-srv.sde\geodata.EGISDATA.Transportation\geodata.EGISDATA.red_line_baseline,Layer,-1,-1;Color "Color" true true false 2 Short 0 5 ,First,#,Database Connections\DC@geodata@balt-giswb1-srv.sde\geodata.EGISDATA.Transportation\geodata.EGISDATA.red_line_baseline,Color,-1,-1;Linetype "Linetype" true true false 254 Text 0 0 ,First,#,Database Connections\DC@geodata@balt-giswb1-srv.sde\geodata.EGISDATA.Transportation\geodata.EGISDATA.red_line_baseline,Linetype,-1,-1;Elevation "Elevation" true true false 8 Double 8 38 ,First,#,Database Connections\DC@geodata@balt-giswb1-srv.sde\geodata.EGISDATA.Transportation\geodata.EGISDATA.red_line_baseline,Elevation,-1,-1;LineWt "LineWt" true true false 2 Short 0 5 ,First,#,Database Connections\DC@geodata@balt-giswb1-srv.sde\geodata.EGISDATA.Transportation\geodata.EGISDATA.red_line_baseline,LineWt,-1,-1;RefName "RefName" true true false 254 Text 0 0 ,First,#,Database Connections\DC@geodata@balt-giswb1-srv.sde\geodata.EGISDATA.Transportation\geodata.EGISDATA.red_line_baseline,RefName,-1,-1;Shape_len "Shape_len" false false true 0 Double 0 0 ,First,#,Database Connections\DC@geodata@balt-giswb1-srv.sde\geodata.EGISDATA.Transportation\geodata.EGISDATA.red_line_baseline,Shape.len,-1,-1" #</Process></lineage><itemProps><itemName Sync="TRUE">red_line_baseline</itemName><imsContentType Sync="TRUE">002</imsContentType><itemLocation><linkage Sync="TRUE">file://\\Balt-gis01-srv\geodev\Data_Distribution\Licensees\2012\20120916_ElliottPlack_RedLine\red_line_baseline.shp</linkage><protocol Sync="TRUE">Local Area Network</protocol></itemLocation><itemSize Sync="TRUE">0.000</itemSize></itemProps><coordRef><type Sync="TRUE">Projected</type><geogcsn Sync="TRUE">GCS_North_American_1983</geogcsn><projcsn Sync="TRUE">NAD_1983_StatePlane_Maryland_FIPS_1900_Feet</projcsn><peXml Sync="TRUE">&lt;ProjectedCoordinateSystem xsi:type='typens:ProjectedCoordinateSystem' xmlns:xsi='http://www.w3.org/2001/XMLSchema-instance' xmlns:xs='http://www.w3.org/2001/XMLSchema' xmlns:typens='http://www.esri.com/schemas/ArcGIS/10.0'&gt;&lt;WKT&gt;PROJCS[&amp;quot;NAD_1983_StatePlane_Maryland_FIPS_1900_Feet&amp;quot;,GEOGCS[&amp;quot;GCS_North_American_1983&amp;quot;,DATUM[&amp;quot;D_North_American_1983&amp;quot;,SPHEROID[&amp;quot;GRS_1980&amp;quot;,6378137.0,298.257222101]],PRIMEM[&amp;quot;Greenwich&amp;quot;,0.0],UNIT[&amp;quot;Degree&amp;quot;,0.0174532925199433]],PROJECTION[&amp;quot;Lambert_Conformal_Conic&amp;quot;],PARAMETER[&amp;quot;False_Easting&amp;quot;,1312333.333333333],PARAMETER[&amp;quot;False_Northing&amp;quot;,0.0],PARAMETER[&amp;quot;Central_Meridian&amp;quot;,-77.0],PARAMETER[&amp;quot;Standard_Parallel_1&amp;quot;,38.3],PARAMETER[&amp;quot;Standard_Parallel_2&amp;quot;,39.45],PARAMETER[&amp;quot;Latitude_Of_Origin&amp;quot;,37.66666666666666],UNIT[&amp;quot;Foot_US&amp;quot;,0.3048006096012192],AUTHORITY[&amp;quot;EPSG&amp;quot;,2248]]&lt;/WKT&gt;&lt;XOrigin&gt;-120561100&lt;/XOrigin&gt;&lt;YOrigin&gt;-95444400&lt;/YOrigin&gt;&lt;XYScale&gt;36953082.294548117&lt;/XYScale&gt;&lt;ZOrigin&gt;-100000&lt;/ZOrigin&gt;&lt;ZScale&gt;10000&lt;/ZScale&gt;&lt;MOrigin&gt;-100000&lt;/MOrigin&gt;&lt;MScale&gt;10000&lt;/MScale&gt;&lt;XYTolerance&gt;0.0032808333333333335&lt;/XYTolerance&gt;&lt;ZTolerance&gt;0.001&lt;/ZTolerance&gt;&lt;MTolerance&gt;0.001&lt;/MTolerance&gt;&lt;HighPrecision&gt;true&lt;/HighPrecision&gt;&lt;WKID&gt;2248&lt;/WKID&gt;&lt;/ProjectedCoordinateSystem&gt;</peXml></coordRef></DataProperties><SyncDate>20120917</SyncDate><SyncTime>14095400</SyncTime><ModDate>20120917</ModDate><ModTime>14095400</ModTime></Esri><idinfo><native Sync="TRUE">Microsoft Windows XP Version 5.1 (Build 2600) Service Pack 3; ESRI ArcCatalog 9.3.1.4000</native><descript><langdata Sync="TRUE">en</langdata><abstract>REQUIRED: A brief narrative summary of the data set.</abstract><purpose>REQUIRED: A summary of the intentions with which the data set was developed.</purpose></descript><citation><citeinfo><origin>REQUIRED: The name of an organization or individual that developed the data set.</origin><pubdate>REQUIRED: The date when the data set is published or otherwise made available for release.</pubdate><title Sync="TRUE">Red_Line_Baseline_092311</title><ftname Sync="TRUE">Red_Line_Baseline_092311</ftname><geoform Sync="TRUE">vector digital data</geoform><onlink Sync="TRUE">\\Balt-gis01-srv\geodev\Agency_Projects\Transportation\RedLine\Sept_2011\Red_Line_Baseline_092311.shp</onlink></citeinfo></citation><timeperd><current>REQUIRED: The basis on which the time period of content information is determined.</current><timeinfo><sngdate><caldate>REQUIRED: The year (and optionally month, or month and day) for which the data set corresponds to the ground.</caldate></sngdate></timeinfo></timeperd><status><progress>REQUIRED: The state of the data set.</progress><update>REQUIRED: The frequency with which changes and additions are made to the data set after the initial data set is completed.</update></status><spdom><bounding><westbc Sync="TRUE">REQUIRED: Western-most coordinate of the limit of coverage expressed in longitude.</westbc><eastbc Sync="TRUE">REQUIRED: Eastern-most coordinate of the limit of coverage expressed in longitude.</eastbc><northbc Sync="TRUE">REQUIRED: Northern-most coordinate of the limit of coverage expressed in latitude.</northbc><southbc Sync="TRUE">REQUIRED: Southern-most coordinate of the limit of coverage expressed in latitude.</southbc></bounding><lboundng><leftbc Sync="TRUE">1378847.517300</leftbc><rightbc Sync="TRUE">1440545.998200</rightbc><bottombc Sync="TRUE">586777.177560</bottombc><topbc Sync="TRUE">600438.765600</topbc></lboundng></spdom><keywords><theme><themekt>REQUIRED: Reference to a formally registered thesaurus or a similar authoritative source of theme keywords.</themekt><themekey>REQUIRED: Common-use word or phrase used to describe the subject of the data set.</themekey></theme></keywords><accconst>REQUIRED: Restrictions and legal prerequisites for accessing the data set.</accconst><useconst>REQUIRED: Restrictions and legal prerequisites for using the data set after access is granted.</useconst><natvform Sync="TRUE">Shapefile</natvform></idinfo><dataIdInfo><envirDesc Sync="TRUE">Microsoft Windows XP Version 5.1 (Build 2600) Service Pack 3; ESRI ArcGIS 10.0.0.2414</envirDesc><dataLang><languageCode Sync="TRUE" value="en" country="US"></languageCode></dataLang><idCitation><resTitle Sync="TRUE">red_line_baseline</resTitle><presForm><PresFormCd Sync="TRUE" value="005"></PresFormCd></presForm></idCitation><spatRpType><SpatRepTypCd Sync="TRUE" value="001"></SpatRepTypCd></spatRpType><dataExt><geoEle><GeoBndBox esriExtentType="native"><westBL Sync="TRUE">1378847.5173</westBL><eastBL Sync="TRUE">1440545.9982</eastBL><northBL Sync="TRUE">600438.7656</northBL><southBL Sync="TRUE">586777.17756</southBL><exTypeCode Sync="TRUE">1</exTypeCode></GeoBndBox></geoEle></dataExt><descKeys><thesaName uuidref="723f6998-058e-11dc-8314-0800200c9a66"></thesaName><keyword Sync="TRUE">002</keyword></descKeys></dataIdInfo><metainfo><langmeta Sync="TRUE">en</langmeta><metstdn Sync="TRUE">FGDC Content Standards for Digital Geospatial Metadata</metstdn><metstdv Sync="TRUE">FGDC-STD-001-1998</metstdv><mettc Sync="TRUE">local time</mettc><metc><cntinfo><cntorgp><cntper>REQUIRED: The person responsible for the metadata information.</cntper><cntorg>REQUIRED: The organization responsible for the metadata information.</cntorg></cntorgp><cntaddr><addrtype>REQUIRED: The mailing and/or physical address for the organization or individual.</addrtype><city>REQUIRED: The city of the address.</city><state>REQUIRED: The state or province of the address.</state><postal>REQUIRED: The ZIP or other postal code of the address.</postal></cntaddr><cntvoice>REQUIRED: The telephone number by which individuals can speak to the organization or individual.</cntvoice></cntinfo></metc><metd Sync="TRUE">20110923</metd></metainfo><mdLang><languageCode Sync="TRUE" value="en"></languageCode></mdLang><mdStanName Sync="TRUE">ISO 19115 Geographic Information - Metadata</mdStanName><mdStanVer Sync="TRUE">DIS_ESRI1.0</mdStanVer><mdChar><CharSetCd Sync="TRUE" value="004"></CharSetCd></mdChar><mdHrLv><ScopeCd Sync="TRUE" value="005"></ScopeCd></mdHrLv><mdHrLvName Sync="TRUE">dataset</mdHrLvName><distinfo><resdesc Sync="TRUE">Downloadable Data</resdesc><stdorder><digform><digtinfo><transize Sync="TRUE">0.044</transize><dssize Sync="TRUE">0.044</dssize></digtinfo></digform></stdorder></distinfo><distInfo><distributor><distorTran><onLineSrc><orDesc Sync="TRUE">002</orDesc><linkage Sync="TRUE">file://\\Balt-gis01-srv\geodev\Agency_Projects\Transportation\RedLine\Sept_2011\Red_Line_Baseline_092311.shp</linkage><protocol Sync="TRUE">Local Area Network</protocol></onLineSrc><transSize Sync="TRUE">0.044</transSize></distorTran><distorFormat><formatName Sync="TRUE">Shapefile</formatName></distorFormat></distributor><distFormat><formatName Sync="TRUE">Shapefile</formatName></distFormat><distTranOps><transSize Sync="TRUE">0.000</transSize></distTranOps></distInfo><spdoinfo><direct Sync="TRUE">Vector</direct><ptvctinf><esriterm Name="red_line_baseline"><efeatyp Sync="TRUE">Simple</efeatyp><efeageom Sync="TRUE">3</efeageom><esritopo Sync="TRUE">FALSE</esritopo><efeacnt Sync="TRUE">0</efeacnt><spindex Sync="TRUE">FALSE</spindex><linrefer Sync="TRUE">FALSE</linrefer></esriterm></ptvctinf></spdoinfo><spatRepInfo><VectSpatRep><topLvl><TopoLevCd Sync="TRUE" value="001"></TopoLevCd></topLvl><geometObjs Name="Red_Line_Baseline_092311"><geoObjTyp><GeoObjTypCd Sync="TRUE" value="002"></GeoObjTypCd><geoObjCnt Sync="TRUE">0</geoObjCnt></geoObjTyp><geoObjCnt Sync="TRUE">13</geoObjCnt></geometObjs></VectSpatRep></spatRepInfo><eainfo><detailed Name="red_line_baseline"><enttyp><enttypl Sync="TRUE">red_line_baseline</enttypl><enttypt Sync="TRUE">Feature Class</enttypt><enttypc Sync="TRUE">0</enttypc></enttyp><attr><attrlabl Sync="TRUE">FID</attrlabl><attalias Sync="TRUE">FID</attalias><attrtype Sync="TRUE">OID</attrtype><attwidth Sync="TRUE">4</attwidth><atprecis Sync="TRUE">0</atprecis><attscale Sync="TRUE">0</attscale><attrdef Sync="TRUE">Internal feature number.</attrdef><attrdefs Sync="TRUE">ESRI</attrdefs><attrdomv><udom Sync="TRUE">Sequential unique whole numbers that are automatically generated.</udom></attrdomv></attr><attr><attrlabl Sync="TRUE">Shape</attrlabl><attalias Sync="TRUE">Shape</attalias><attrtype Sync="TRUE">Geometry</attrtype><attwidth Sync="TRUE">0</attwidth><atprecis Sync="TRUE">0</atprecis><attscale Sync="TRUE">0</attscale><attrdef Sync="TRUE">Feature geometry.</attrdef><attrdefs Sync="TRUE">ESRI</attrdefs><attrdomv><udom Sync="TRUE">Coordinates defining the features.</udom></attrdomv></attr><attr><attrlabl Sync="TRUE">Level_</attrlabl><attalias Sync="TRUE">Level_</attalias><attrtype Sync="TRUE">Double</attrtype><attwidth Sync="TRUE">10</attwidth><atprecis Sync="TRUE">10</atprecis><attscale Sync="TRUE">0</attscale></attr><attr><attrlabl Sync="TRUE">Entity</attrlabl><attalias Sync="TRUE">Entity</attalias><attrtype Sync="TRUE">String</attrtype><attwidth Sync="TRUE">16</attwidth><atprecis Sync="TRUE">0</atprecis><attscale Sync="TRUE">0</attscale></attr><attr><attrlabl Sync="TRUE">FID_</attrlabl><attalias Sync="TRUE">FID_</attalias><attrtype Sync="TRUE">Double</attrtype><attwidth Sync="TRUE">10</attwidth><atprecis Sync="TRUE">10</atprecis><attscale Sync="TRUE">0</attscale></attr><attr><attrlabl Sync="TRUE">Layer</attrlabl><attalias Sync="TRUE">Layer</attalias><attrtype Sync="TRUE">String</attrtype><attwidth Sync="TRUE">254</attwidth><atprecis Sync="TRUE">0</atprecis><attscale Sync="TRUE">0</attscale></attr><attr><attrlabl Sync="TRUE">Color</attrlabl><attalias Sync="TRUE">Color</attalias><attrtype Sync="TRUE">Integer</attrtype><attwidth Sync="TRUE">5</attwidth><atprecis Sync="TRUE">5</atprecis><attscale Sync="TRUE">0</attscale></attr><attr><attrlabl Sync="TRUE">Linetype</attrlabl><attalias Sync="TRUE">Linetype</attalias><attrtype Sync="TRUE">String</attrtype><attwidth Sync="TRUE">254</attwidth><atprecis Sync="TRUE">0</atprecis><attscale Sync="TRUE">0</attscale></attr><attr><attrlabl Sync="TRUE">Elevation</attrlabl><attalias Sync="TRUE">Elevation</attalias><attrtype Sync="TRUE">Double</attrtype><attwidth Sync="TRUE">19</attwidth><atprecis Sync="TRUE">18</atprecis><attscale Sync="TRUE">8</attscale></attr><attr><attrlabl Sync="TRUE">LineWt</attrlabl><attalias Sync="TRUE">LineWt</attalias><attrtype Sync="TRUE">Integer</attrtype><attwidth Sync="TRUE">5</attwidth><atprecis Sync="TRUE">5</atprecis><attscale Sync="TRUE">0</attscale></attr><attr><attrlabl Sync="TRUE">RefName</attrlabl><attalias Sync="TRUE">RefName</attalias><attrtype Sync="TRUE">String</attrtype><attwidth Sync="TRUE">254</attwidth><atprecis Sync="TRUE">0</atprecis><attscale Sync="TRUE">0</attscale></attr><attr><attrlabl Sync="TRUE">Shape_len</attrlabl><attalias Sync="TRUE">Shape_len</attalias><attrtype Sync="TRUE">Double</attrtype><attwidth Sync="TRUE">19</attwidth><atprecis Sync="TRUE">0</atprecis><attscale Sync="TRUE">0</attscale></attr></detailed></eainfo><mdDateSt Sync="TRUE">20120917</mdDateSt><refSysInfo><RefSystem><refSysID><identCode code="2248"></identCode><idCodeSpace Sync="TRUE">EPSG</idCodeSpace><idVersion Sync="TRUE">7.4.1</idVersion></refSysID></RefSystem></refSysInfo></metadata>
